文件路径	SHA256	文件字节数
01_冻结候审交付/股运通V1.3_高级文案总表_候审冻结版.xlsx	6faef5b13ecc31cec029cc47f08ac99b3cbf34edf2096bbf934b5c76eebbfeb1	72867
01_冻结候审交付/股运通V1.3_大运_独立审核表_候审冻结版.xlsx	bd595c090cb21452c88d67e8a9a9cdffd26a6aa6c38ccef743723f877f9c6573	18052
01_冻结候审交付/股运通V1.3_六合_独立审核表_候审冻结版.xlsx	9a9ce4bd9789d451353252fab020663b348d1c1c06072b2eef884b031b603ef8	13928
01_冻结候审交付/股运通V1.3_喜用_独立审核表_候审冻结版.xlsx	1f8337e66b58f7af0ba875ec7988512c7e71a242e912b67cc84bbb57fcb8328d	12347
01_冻结候审交付/股运通V1.3_完整五段式模拟案例_候审冻结版.xlsx	d942b24a17612aa254dcae5e7718234ee02f5754fe42380552b7013bfc9164e4	32626
01_冻结候审交付/股运通V1.3_82项高级需求完成状态_候审冻结版.xlsx	a2bfb7b9aadc816991e4afbe0f6490ebbacf3f02b06216a89e4e712264e60b83	16304
01_冻结候审交付/股运通V1.3_高级命理文案_最终勘误清单.xlsx	53b4db0429ec8a2af053b83c3fa6caa2aedf695fde9cf43bc8c35450740873cc	12817
01_冻结候审交付/股运通V1.3_高级命理文案_候审冻结说明.md	b7a1de99ddf8f5c2c5794130fc44e6265c23876ad51e74a55c52bfb88e688e8a	5879
01_冻结候审交付/股运通V1.3_候审冻结机器核验摘要.json	fa11c117846504570f0dd4ebe4c3048991a17ce9656ca73b655f58cca9079ef4	3640
02_只读基线_不可改/V1.3_离线文案规则库_最终勘误候审稿.xlsx	98b697cf6503f16d8ae28349f72235c33d97ce17c6f7767d83196f2cb912d5cf	595943
02_只读基线_不可改/V1.3_十神强弱30条条件解释.xlsx	73c5a4541448d13caa596765b80e129d133acf03fc88a5720902225ac680edc4	18240
02_只读基线_不可改/V3_原始文件只读备份_股票玄学APP_阴阳命离线判词库_V3_单Sheet(2).xlsx	d9b9f86712bae8668dad6b79d3ad3be9c66bff5fedc1ae674c550fb137746b91	157419
02_只读基线_不可改/V3_原始文件_SHA256.txt	d11f223fc8064adf67f29985b9fd320d1acaf214f615e6deccc3ee5895d46d6f	282
02_只读基线_不可改/V3_800条素材迁移映射.xlsx	8b6fbb9a3b837a5480e40722db736d3fd2285105cc4bd589868b2240d62becb9	1267929
